地域階層,地域コード,地域,昭和60年／総数(人),昭和60年／男(人),昭和60年／女(人),昭和61年／総数(人),昭和61年／男(人),昭和61年／女(人),昭和62年／総数(人),昭和62年／男(人),昭和62年／女(人),昭和63年／総数(人),昭和63年／男(人),昭和63年／女(人),昭和64年／総数(人),昭和64年／男(人),昭和64年／女(人),平成2年／総数(人),平成2年／男(人),平成2年／女(人),平成3年／総数(人),平成3年／男(人),平成3年／女(人),平成4年／総数(人),平成4年／男(人),平成4年／女(人),平成5年／総数(人),平成5年／男(人),平成5年／女(人),平成6年／総数(人),平成6年／男(人),平成6年／女(人),平成7年／総数(人),平成7年／男(人),平成7年／女(人),平成8年／総数(人),平成8年／男(人),平成8年／女(人),平成9年／総数(人),平成9年／男(人),平成9年／女(人),平成10年／総数(人),平成10年／男(人),平成10年／女(人),平成11年／総数(人),平成11年／男(人),平成11年／女(人),平成12年／総数(人),平成12年／男(人),平成12年／女(人),平成13年／総数(人),平成13年／男(人),平成13年／女(人),平成14年／総数(人),平成14年／男(人),平成14年／女(人),平成15年／総数(人),平成15年／男(人),平成15年／女(人),平成16年／総数(人),平成16年／男(人),平成16年／女(人),平成17年／総数(人),平成17年／男(人),平成17年／女(人),平成18年／総数(人),平成18年／男(人),平成18年／女(人),平成19年／総数(人),平成19年／男(人),平成19年／女(人),平成20年／総数(人),平成20年／男(人),平成20年／女(人),平成21年／総数(人),平成21年／男(人),平成21年／女(人),平成22年／総数(人),平成22年／男(人),平成22年／女(人),平成23年／総数(人),平成23年／男(人),平成23年／女(人),平成24年／総数(人),平成24年／男(人),平成24年／女(人),平成25年／人口総計／総数(人),平成25年／人口総計／男(人),平成25年／人口総計／女(人),平成25年／人口総計／人口総数のうち日本人（再掲）／総数(人),平成25年／人口総計／人口総数のうち日本人（再掲）／男(人),平成25年／人口総計／人口総数のうち日本人（再掲）／女(人),平成26年／人口総計／総数(人),平成26年／人口総計／男(人),平成26年／人口総計／女(人),平成26年／人口総計／人口総数のうち日本人（再掲）／総数(人),平成26年／人口総計／人口総数のうち日本人（再掲）／男(人),平成26年／人口総計／人口総数のうち日本人（再掲）／女(人),平成27年／人口総計／総数(人),平成27年／人口総計／男(人),平成27年／人口総計／女(人),平成27年／人口総計／人口総数のうち日本人（再掲）／総数(人),平成27年／人口総計／人口総数のうち日本人（再掲）／男(人),平成27年／人口総計／人口総数のうち日本人（再掲）／女(人),平成28年／人口総計／総数(人),平成28年／人口総計／男(人),平成28年／人口総計／女(人),平成28年／人口総計／人口総数のうち日本人（再掲）／総数(人),平成28年／人口総計／人口総数のうち日本人（再掲）／男(人),平成28年／人口総計／人口総数のうち日本人（再掲）／女(人),平成29年／人口総計／総数(人),平成29年／人口総計／男(人),平成29年／人口総計／女(人),平成29年／人口総計／人口総数のうち日本人（再掲）／総数(人),平成29年／人口総計／人口総数のうち日本人（再掲）／男(人),平成29年／人口総計／人口総数のうち日本人（再掲）／女(人),平成30年／人口総計／総数(人),平成30年／人口総計／男(人),平成30年／人口総計／女(人),平成30年／人口総計／人口総数のうち日本人（再掲）／総数(人),平成30年／人口総計／人口総数のうち日本人（再掲）／男(人),平成30年／人口総計／人口総数のうち日本人（再掲）／女(人),平成31年／人口総計／総数(人),平成31年／人口総計／男(人),平成31年／人口総計／女(人),平成31年／人口総計／人口総数のうち日本人（再掲）／総数(人),平成31年／人口総計／人口総数のうち日本人（再掲）／男(人),平成31年／人口総計／人口総数のうち日本人（再掲）／女(人),令和2年／人口総計／総数(人),令和2年／人口総計／男(人),令和2年／人口総計／女(人),令和2年／人口総計／人口総数のうち日本人（再掲）／総数(人),令和2年／人口総計／人口総数のうち日本人（再掲）／男(人),令和2年／人口総計／人口総数のうち日本人（再掲）／女(人),令和3年／人口総計／総数(人),令和3年／人口総計／男(人),令和3年／人口総計／女(人),令和3年／人口総計／人口総数のうち日本人（再掲）／総数(人),令和3年／人口総計／人口総数のうち日本人（再掲）／男(人),令和3年／人口総計／人口総数のうち日本人（再掲）／女(人),令和4年／人口総計／総数(人),令和4年／人口総計／男(人),令和4年／人口総計／女(人),令和4年／人口総計／人口総数のうち日本人（再掲）／総数(人),令和4年／人口総計／人口総数のうち日本人（再掲）／男(人),令和4年／人口総計／人口総数のうち日本人（再掲）／女(人),令和5年／人口総計／総数(人),令和5年／人口総計／男(人),令和5年／人口総計／女(人),令和5年／人口総計／人口総数のうち日本人（再掲）／総数(人),令和5年／人口総計／人口総数のうち日本人（再掲）／男(人),令和5年／人口総計／人口総数のうち日本人（再掲）／女(人),令和6年／人口総計／総数(人),令和6年／人口総計／男(人),令和6年／人口総計／女(人),令和6年／人口総計／人口総数のうち日本人（再掲）／総数(人),令和6年／人口総計／人口総数のうち日本人（再掲）／男(人),令和6年／人口総計／人口総数のうち日本人（再掲）／女(人),令和7年／人口総計／総数(人),令和7年／人口総計／男(人),令和7年／人口総計／女(人),令和7年／人口総計／人口総数のうち日本人（再掲）／総数(人),令和7年／人口総計／人口総数のうち日本人（再掲）／男(人),令和7年／人口総計／人口総数のうち日本人（再掲）／女(人)
0,13000,総数,2155242,1104224,1051018,2097660,1074588,1023072,2027876,1038311,989565,1945822,996104,949718,1858201,951072,907129,1777415,909651,867764,1712004,876014,835990,1656726,848258,808468,1605905,821878,784027,1557250,797086,760164,1521495,778808,742687,1491832,763663,728169,1468773,751774,716999,1452699,743521,709178,1440642,737598,703044,1430154,732187,697967,1427229,730632,696597,1427848,731204,696644,1432509,733599,698910,1435292,735452,699840,1445820,740555,705265,1451916,743894,708022,1461387,748455,712932,1471628,753847,717781,1482232,759524,722708,1489947,763846,726101,1501531,769877,731654,1504180,771109,733071,1542837,791146,751691,1509428,773960,735468,1549711,794340,755371,1516430,777206,739224,1561180,799970,761210,1525911,781816,744095,1573377,806367,767010,1535808,786953,748855,1585129,812177,772952,1544180,791182,752998,1592986,815989,776997,1549223,793507,755716,1601348,820158,781190,1554908,796251,758657,1603044,821187,781857,1553841,795796,758045,1600618,819828,780790,1552954,795117,757837,1581097,809866,771231,1534477,785661,748816,1561365,799421,761944,1511130,773421,737709,1540731,788746,751985,1485981,760312,725669,1521973,778959,743014,1462203,748044,714159
1,13100,区部,1426497,729670,696827,1384032,708020,676012,1333314,681790,651524,1273617,651219,622398,1212140,619733,592407,1153827,589838,563989,1107243,565853,541390,1068628,546273,522355,1032339,527491,504848,997121,509564,487557,971443,496619,474824,950315,486014,464301,934822,478100,456722,923473,472247,451226,915390,468321,447069,907817,464379,443438,905461,463000,442461,905864,463352,442512,908688,464793,443895,909795,465603,444192,916125,468953,447172,921244,471662,449582,929002,475351,453651,936737,479475,457262,945626,484292,461334,953221,488406,464815,963353,493738,469615,968052,495990,472062,1003554,514131,489423,975164,499514,475650,1012781,518557,494224,984568,504025,480543,1026753,525719,501034,996717,510239,486478,1040844,533042,507802,1008791,516466,492325,1054154,539781,514373,1019110,521776,497334,1065140,545042,520098,1027584,525734,501850,1075690,550190,525500,1035925,529710,506215,1081700,553249,528451,1039676,531557,508119,1082862,553839,529023,1042325,532783,509542,1069920,547299,522621,1030605,526854,503751,1057496,540760,516736,1015226,518876,496350,1045971,534687,511284,999767,510676,489091,1036147,529660,506487,985671,503535,482136
4,13101,千代田区,8800,4628,4172,8467,4463,4004,8074,4237,3837,7489,3930,3559,7102,3752,3350,6770,3606,3164,6580,3539,3041,6258,3387,2871,5935,3170,2765,5418,2856,2562,5208,2757,2451,5049,2643,2406,4942,2564,2378,4830,2476,2354,4618,2356,2262,4480,2275,2205,4455,2279,2176,4453,2247,2206,4500,2267,2233,4673,2373,2300,4818,2435,2383,4828,2424,2404,4900,2504,2396,4966,2507,2459,5101,2587,2514,5326,2707,2619,5495,2784,2711,5642,2865,2777,6045,3072,2973,5864,2975,2889,6360,3208,3152,6209,3132,3077,6947,3529,3418,6789,3452,3337,7246,3647,3599,7090,3578,3512,7550,3836,3714,7396,3761,3635,7964,4079,3885,7786,3992,3794,8397,4279,4118,8212,4188,4024,8882,4513,4369,8662,4403,4259,9256,4724,4532,9049,4613,4436,9207,4691,4516,9021,4595,4426,9187,4671,4516,8958,4553,4405,9196,4666,4530,8888,4499,4389,9083,4624,4459,8740,4446,4294
4,13102,中央区,14981,7542,7439,14471,7335,7136,13673,6940,6733,12912,6553,6359,11984,6081,5903,11384,5746,5638,10794,5439,5355,10557,5337,5220,10182,5159,5023,9904,5021,4883,9670,4941,4729,9435,4856,4579,9242,4739,4503,9120,4666,4454,9221,4672,4549,9279,4683,4596,9567,4818,4749,10085,5074,5011,10302,5206,5096,10412,5280,5132,10280,5230,5050,10332,5236,5096,10606,5330,5276,10964,5531,5433,11819,6009,5810,12256,6227,6029,12963,6605,6358,13547,6893,6654,14586,7397,7189,14208,7205,7003,15392,7842,7550,15036,7669,7367,16551,8476,8075,16162,8271,7891,17635,8981,8654,17194,8744,8450,19136,9705,9431,18583,9408,9175,20454,10306,10148,19809,9979,9830,21686,10951,10735,20956,10572,10384,22912,11582,11330,22098,11153,10945,23625,11967,11658,22801,11531,11270,23708,12006,11702,22932,11593,11339,23759,12037,11722,22862,11545,11317,23931,12133,11798,22893,11582,11311,25758,13015,12743,24422,12319,12103
4,13103,港区,30688,15805,14883,29453,15141,14312,27700,14289,13411,25510,13210,12300,23376,12090,11286,21822,11237,10585,20414,10461,9953,19197,9822,9375,18011,9195,8816,17145,8714,8431,16697,8486,8211,16309,8256,8053,16422,8264,8158,16086,8078,8008,16127,8095,8032,15951,8022,7929,16284,8255,8029,16509,8389,8120,16614,8469,8145,16813,8577,8236,17185,8818,8367,17716,9046,8670,19024,9769,9255,20663,10596,10067,21572,11016,10556,22291,11458,10833,23392,11998,11394,24028,12373,11655,27271,13892,13379,24943,12741,12202,28122,14321,13801,25984,13259,12725,29519,15009,14510,27413,13964,13449,30816,15625,15191,28695,14564,14131,32479,16505,15974,30219,15375,14844,33872,17230,16642,31530,16066,15464,35111,17933,17178,32640,16672,15968,35740,18303,17437,33291,17028,16263,35936,18362,17574,33714,17216,16498,35381,18020,17361,33477,17043,16434,35629,18121,17508,33422,16999,16423,36142,18327,17815,33616,17042,16574,35982,18248,17734,33271,16881,16390
4,13104,新宿区,47962,24474,23488,46096,23506,22590,43937,22317,21620,41184,20935,20249,38939,19779,19160,36258,18351,17907,33977,17194,16783,31734,16035,15699,29943,15087,14856,28565,14446,14119,27373,13841,13532,26428,13395,13033,25507,12980,12527,25185,12785,12400,24857,12610,12247,24441,12420,12021,24113,12336,11777,23875,12155,11720,23753,12063,11690,23692,11994,11698,23742,12053,11689,23760,12089,11671,23698,12077,11621,23773,12100,11673,23726,12124,11602,23837,12186,11651,24243,12378,11865,24344,12463,11881,27458,14033,13425,24866,12719,12147,27707,14136,13571,25271,12896,12375,28071,14335,13736,25673,13094,12579,28722,14695,14027,26330,13423,12907,29279,14992,14287,26789,13699,13090,30213,15470,14743,27695,14168,13527,30893,15759,15134,28269,14405,13864,31163,15830,15333,28543,14488,14055,31223,15809,15414,28735,14538,14197,30977,15683,15294,28631,14492,14139,30586,15558,15028,28110,14297,13813,30167,15363,14804,27576,14020,13556,29641,15121,14520,26899,13692,13207
4,13105,文京区,30461,15570,14891,29278,14967,14311,28066,14321,13745,26904,13691,13213,25445,13025,12420,24088,12398,11690,22810,11675,11135,21811,11156,10655,20871,10676,10195,19969,10218,9751,19288,9827,9461,18657,9542,9115,18047,9237,8810,17730,9064,8666,17475,9026,8449,17574,9043,8531,17558,9004,8554,17611,8956,8655,17764,8996,8768,17774,9023,8751,18135,9188,8947,18557,9421,9136,18984,9631,9353,19378,9820,9558,19818,10036,9782,20142,10180,9962,20648,10450,10198,21253,10749,10504,22181,11198,10983,21778,10974,10804,23046,11577,11469,22656,11366,11290,23791,11990,11801,23391,11770,11621,24635,12444,12191,24201,12219,11982,25592,12938,12654,25099,12676,12423,26319,13375,12944,25772,13082,12690,27264,13943,13321,26653,13597,13056,28200,14387,13813,27537,14034,13503,29040,14802,14238,28355,14435,13920,29300,14948,14352,28538,14539,13999,29370,15054,14316,28487,14585,13902,29475,15101,14374,28428,14554,13874,29652,15109,14543,28401,14448,13953
4,13106,台東区,27338,13975,13363,26074,13400,12674,24614,12577,12037,23173,11812,11361,21775,11126,10649,20439,10480,9959,19462,9966,9496,18461,9443,9018,17661,8980,8681,16938,8640,8298,16452,8434,8018,15881,8063,7818,15520,7866,7654,15038,7650,7388,14776,7479,7297,14555,7397,7158,14553,7364,7189,14534,7406,7128,14638,7471,7167,14780,7552,7228,14982,7658,7324,15146,7721,7425,15434,7858,7576,15523,7884,7639,15721,8016,7705,15701,7963,7738,15804,8047,7757,15880,8112,7768,17088,8768,8320,16170,8256,7914,17272,8842,8430,16330,8329,8001,17541,8966,8575,16605,8454,8151,17653,9042,8611,16687,8513,8174,17877,9150,8727,16888,8612,8276,18058,9220,8838,17069,8688,8381,18279,9355,8924,17307,8842,8465,18424,9455,8969,17396,8914,8482,18454,9460,8994,17526,8961,8565,18126,9258,8868,17253,8798,8455,17740,9066,8674,16871,8605,8266,17663,8972,8691,16722,8479,8243,17668,8967,8701,16642,8430,8212
4,13107,墨田区,40656,20881,19775,39003,19937,19066,37174,19003,18171,35431,18098,17333,33593,17169,16424,32094,16420,15674,30776,15765,15011,29571,15204,14367,28544,14628,13916,27552,14095,13457,26546,13592,12954,25734,13180,12554,25111,12841,12270,24560,12548,12012,24155,12367,11788,23747,12140,11607,23687,12081,11606,23741,12128,11613,23816,12253,11563,23923,12223,11700,24389,12553,11836,24517,12655,11862,24842,12760,12082,25302,12999,12303,25457,13046,12411,25680,13147,12533,25917,13285,12632,25864,13288,12576,26767,13758,13009,26056,13390,12666,26849,13762,13087,26106,13373,12733,27208,13912,13296,26416,13503,12913,27742,14242,13500,26846,13776,13070,28042,14372,13670,27089,13871,13218,28395,14515,13880,27457,14020,13437,28599,14652,13947,27664,14149,13515,28745,14739,14006,27800,14224,13576,28657,14623,14034,27762,14148,13614,28185,14419,13766,27319,13965,13354,27694,14164,13530,26787,13685,13102,27565,14108,13457,26576,13586,12990,27202,13904,13298,26176,13368,12808
4,13108,江東区,76481,39266,37215,74756,38524,36232,72310,37249,35061,69167,35687,33480,65878,33991,31887,61964,31866,30098,58587,30103,28484,55913,28674,27239,53643,27526,26117,50833,26080,24753,48340,24895,23445,45804,23612,22192,44006,22773,21233,43035,22251,20784,42671,22071,20600,42012,21647,20365,42184,21731,20453,42710,21940,20770,43461,22333,21128,44349,22780,21569,45325,23298,22027,47389,24263,23126,48755,24985,23770,49783,25469,24314,51420,26315,25105,53328,27231,26097,54629,27909,26720,55788,28517,27271,59454,30391,29063,56755,29029,27726,60996,31192,29804,58276,29801,28475,62556,32049,30507,59524,30478,29046,64183,32886,31297,60956,31228,29728,65200,33457,31743,61643,31624,30019,66197,34029,32168,62341,32032,30309,66878,34310,32568,62753,32200,30553,66886,34269,32617,62622,32066,30556,67437,34543,32894,63286,32397,30889,66563,34126,32437,62556,32056,30500,66208,33783,32425,61830,31573,30257,65775,33577,32198,61059,31171,29888,64616,33062,31554,59700,30561,29139
4,13109,品川区,57025,28916,28109,56882,28753,28129,55177,27895,27282,52594,26689,25905,50088,25427,24661,47512,24127,23385,45319,23011,22308,43082,21853,21229,41256,20941,20315,39195,19904,19291,37687,19164,18523,36279,18469,17810,35150,17989,17161,34125,17442,16683,33267,16949,16318,32333,16447,15886,31698,16180,15518,31290,15994,15296,31174,15892,15282,31240,15977,15263,31834,16254,15580,32382,16558,15824,33138,16915,16223,34017,17371,16646,34661,17738,16923,35814,18346,17468,36610,18732,17878,37328,19084,18244,39207,20006,19201,38350,19567,18783,39924,20387,19537,39086,19956,19130,40785,20744,20041,39966,20323,19643,42154,21504,20650,41325,21077,20248,43236,22083,21153,42320,21620,20700,44393,22669,21724,43431,22180,21251,45641,23317,22324,44627,22805,21822,47050,23945,23105,45927,23401,22526,48239,24533,23706,47184,24006,23178,47987,24411,23576,46986,23908,23078,47526,24201,23325,46447,23652,22795,47187,24061,23126,46023,23447,22576,46827,23885,22942,45579,23219,22360
4,13110,目黒区,41213,21110,20103,39769,20372,19397,38095,19551,18544,35832,18418,17414,33313,17038,16275,31154,15924,15230,29583,15081,14502,28156,14371,13785,26824,13645,13179,25803,13104,12699,25208,12844,12364,24743,12584,12159,24442,12468,11974,24188,12362,11826,24017,12278,11739,23892,12151,11741,24133,12291,11842,24288,12474,11814,24512,12613,11899,24543,12647,11896,24545,12645,11900,24647,12672,11975,25258,12982,12276,25297,12960,12337,25450,13040,12410,25570,13127,12443,25936,13325,12611,26134,13459,12675,27096,13882,13214,26620,13637,12983,27532,14045,13487,27048,13787,13261,28251,14435,13816,27723,14166,13557,28761,14708,14053,28218,14428,13790,29326,14973,14353,28795,14706,14089,30261,15464,14797,29715,15186,14529,30806,15746,15060,30228,15461,14767,31288,16107,15181,30662,15797,14865,31475,16160,15315,30902,15887,15015,31126,16075,15051,30558,15801,14757,30949,15949,15000,30316,15637,14679,30548,15830,14718,29858,15476,14382,30327,15700,14627,29563,15312,14251
4,13111,大田区,116836,59803,57033,113481,58103,55378,109294,55817,53477,104403,53317,51086,99001,50397,48604,94454,48150,46304,90513,46076,44437,86816,44247,42569,83917,42734,41183,80858,41247,39611,78769,40189,38580,76920,39302,37618,76043,38919,37124,75254,38545,36709,74383,38160,36223,73855,38083,35772,73279,37658,35621,73632,37948,35684,73743,37953,35790,74137,38138,35999,74847,38468,36379,75563,38886,36677,75951,39017,36934,76133,39069,37064,76321,39089,37232,76493,39257,37236,76745,39411,37334,76721,39265,37456,78258,40089,38169,76767,39283,37484,78586,40178,38408,77063,39371,37692,79170,40422,38748,77526,39551,37975,79514,40593,38921,77755,39660,38095,79776,40766,39010,77861,39744,38117,80089,40882,39207,78043,39793,38250,80325,40917,39408,78142,39770,38372,80020,40775,39245,77720,39579,38141,79689,40706,38983,77562,39577,37985,78224,40015,38209,76211,38959,37252,76917,39357,37560,74722,38232,36490,75472,38757,36715,73133,37513,35620,74263,38111,36152,71671,36717,34954
4,13112,世田谷区,129572,66400,63172,126083,64546,61537,121646,62302,59344,115209,58932,56277,109099,55720,53379,103729,53030,50699,99789,51065,48724,96167,49185,46982,93150,47609,45541,89560,45777,43783,87695,44873,42822,86648,44304,42344,85888,43852,42036,85210,43453,41757,84563,43094,41469,84489,43068,41421,84641,43070,41571,84688,43149,41539,85295,43541,41754,85687,43837,41850,86848,44450,42398,87736,44990,42746,89647,46043,43604,90701,46710,43991,92180,47536,44644,93420,48208,45212,94936,49042,45894,96071,49707,46364,98552,50975,47577,97574,50443,47131,100077,51756,48321,99181,51261,47920,101951,52754,49197,100982,52227,48755,103764,53673,50091,102729,53123,49606,105587,54450,51137,104446,53853,50593,106801,54869,51932,105500,54183,51317,108101,55520,52581,106748,54816,51932,108662,55789,52873,107254,55045,52209,108895,55871,53024,107500,55144,52356,107992,55378,52614,106639,54692,51947,106440,54626,51814,104994,53876,51118,104936,53626,51310,103309,52799,50510,103436,52862,50574,101690,51961,49729
4,13113,渋谷区,32791,16404,16387,32065,16034,16031,30403,15255,15148,28730,14406,14324,26496,13282,13214,24566,12327,12239,22740,11374,11366,21314,10664,10650,19847,9934,9913,18725,9383,9342,17939,9008,8931,17237,8637,8600,16807,8461,8346,16673,8371,8302,16607,8314,8293,16453,8236,8217,16449,8271,8178,16381,8199,8182,16362,8256,8106,16413,8269,8144,16553,8338,8215,16609,8370,8239,16712,8430,8282,16615,8405,8210,16752,8455,8297,17202,8728,8474,17728,8987,8741,18073,9198,8875,19582,10021,9561,18670,9565,9105,20077,10290,9787,19279,9878,9401,20724,10617,10107,19941,10208,9733,21543,11011,10532,20700,10565,10135,22234,11312,10922,21401,10875,10526,22872,11654,11218,22045,11225,10820,23424,11909,11515,22622,11490,11132,24019,12180,11839,23174,11748,11426,24419,12433,11986,23629,12029,11600,24334,12351,11983,23605,11963,11642,24020,12112,11908,23302,11749,11553,23672,11851,11821,22870,11460,11410,23379,11721,11658,22560,11345,11215
4,13114,中野区,50143,25671,24472,48258,24724,23534,46203,23621,22582,44004,22533,21471,41356,21126,20230,39107,19912,19195,37236,18978,18258,35660,18130,17530,34162,17354,16808,32756,16668,16088,31568,16069,15499,30396,15432,14964,29703,15068,14635,28843,14661,14182,28307,14380,13927,27851,14162,13689,27522,14015,13507,27349,14003,13346,27117,13884,13233,26839,13783,13056,26533,13617,12916,26201,13423,12778,25909,13264,12645,25821,13254,12567,25805,13324,12481,25766,13257,12509,25657,13203,12454,25629,13169,12460,26436,13529,12907,25929,13282,12647,26795,13706,13089,26273,13451,12822,27311,13981,13330,26763,13717,13046,28028,14397,13631,27456,14106,13350,28482,14627,13855,27883,14327,13556,28855,14787,14068,28190,14454,13736,29258,14931,14327,28516,14557,13959,29658,15137,14521,28825,14707,14118,30189,15467,14722,29342,15031,14311,30267,15534,14733,29391,15058,14333,30125,15399,14726,29151,14886,14265,30197,15464,14733,29070,14862,14208,30070,15434,14636,28809,14758,14051
4,13115,杉並区,81216,41654,39562,78950,40474,38476,76086,39010,37076,72502,37181,35321,69059,35559,33500,65947,34107,31840,63203,32612,30591,61229,31565,29664,59270,30492,28778,57086,29282,27804,55491,28483,27008,54034,27812,26222,52784,27092,25692,51778,26499,25279,50730,26049,24681,49924,25644,24280,49622,25387,24235,49320,25272,24048,49135,25127,24008,48715,24962,23753,48975,25042,23933,49085,25107,23978,49207,25077,24130,49745,25252,24493,50274,25607,24667,50661,25865,24796,51573,26373,25200,52061,26570,25491,53168,27189,25979,52718,26958,25760,54090,27689,26401,53634,27453,26181,55157,28164,26993,54671,27898,26773,56440,28831,27609,55913,28548,27365,57557,29447,28110,56924,29110,27814,58362,29908,28454,57649,29533,28116,59399,30369,29030,58571,29935,28636,60158,30773,29385,59242,30289,28953,60888,31141,29747,59957,30641,29316,60693,30991,29702,59785,30509,29276,60431,30861,29570,59415,30315,29100,59752,30473,29279,58678,29903,28775,59182,30148,29034,57998,29531,28467
4,13116,豊島区,39417,20095,19322,38060,19416,18644,36213,18487,17726,34217,17484,16733,32060,16387,15673,30145,15360,14785,28754,14640,14114,27336,13964,13372,25960,13228,12732,24821,12601,12220,23795,12109,11686,23093,11719,11374,22276,11319,10957,22060,11160,10900,21636,10950,10686,21373,10788,10585,21005,10587,10418,20641,10410,10231,20507,10300,10207,20116,10124,9992,19866,10035,9831,19746,9969,9777,20240,10236,10004,20542,10367,10175,20633,10492,10141,20923,10661,10262,21252,10800,10452,21736,10967,10769,22900,11598,11302,21900,11088,10812,23379,11835,11544,22369,11316,11053,23873,12067,11806,22742,11481,11261,24294,12289,12005,23106,11669,11437,24855,12627,12228,23538,11946,11592,25229,12824,12405,23890,12122,11768,25782,13098,12684,24388,12374,12014,26202,13346,12856,24715,12571,12144,26247,13320,12927,24858,12581,12277,26020,13228,12792,24723,12538,12185,26319,13368,12951,24841,12597,12244,26095,13266,12829,24557,12449,12108,25912,13197,12715,24222,12304,11918
4,13117,北区,63153,32407,30746,60743,31187,29556,58016,29846,28170,55365,28549,26816,52298,26999,25299,48838,25198,23640,46395,23911,22484,44165,22751,21414,42155,21692,20463,40307,20721,19586,38346,19741,18605,36808,18877,17931,35440,18149,17291,34276,17423,16853,33372,17014,16358,32658,16612,16046,31698,16202,15496,31052,15847,15205,30618,15644,14974,30231,15498,14733,30324,15483,14841,30475,15593,14882,30295,15525,14770,30613,15666,14947,31052,15875,15177,31053,15861,15192,31194,16000,15194,31093,15921,15172,32679,16798,15881,31493,16166,15327,33202,17018,16184,31919,16339,15580,34017,17479,16538,32601,16741,15860,34391,17618,16773,32858,16805,16053,35079,17943,17136,33368,17069,16299,35531,18235,17296,33714,17307,16407,36386,18657,17729,34431,17652,16779,36753,18862,17891,34680,17790,16890,36981,18905,18076,34963,17852,17111,36884,18865,18019,34858,17808,17050,36798,18869,17929,34665,17755,16910,36816,18871,17945,34473,17647,16826,36950,18903,18047,34324,17569,16755
4,13118,荒川区,30113,15305,14808,28897,14667,14230,27691,14014,13677,26409,13364,13045,25075,12675,12400,23878,12117,11761,23143,11723,11420,22491,11456,11035,21847,11097,10750,21211,10746,10465,20805,10556,10249,20354,10367,9987,19908,10204,9704,19625,10103,9522,19352,9911,9441,19060,9815,9245,19300,9954,9346,19252,9902,9350,19487,10008,9479,19283,9933,9350,19238,9908,9330,19484,10032,9452,19450,9980,9470,19974,10286,9688,20433,10504,9929,20874,10695,10179,21456,10970,10486,21870,11168,10702,23488,12016,11472,22077,11250,10827,23752,12134,11618,22353,11361,10992,24093,12321,11772,22632,11535,11097,24328,12460,11868,22833,11655,11178,24644,12656,11988,23092,11833,11259,24713,12674,12039,23134,11834,11300,24688,12572,12116,23085,11723,11362,24712,12553,12159,23069,11686,11383,24620,12542,12078,23049,11705,11344,24308,12408,11900,22756,11580,11176,24011,12264,11747,22409,11416,10993,23769,12175,11594,22071,11267,10804,23413,11961,11452,21647,11030,10617
4,13119,板橋区,93172,47826,45346,90836,46603,44233,88071,45133,42938,85221,43553,41668,81610,41646,39964,77781,39740,38041,74628,38209,36419,72364,37162,35202,69984,35952,34032,67349,34598,32751,65247,33533,31714,63356,32571,30785,62094,31911,30183,60697,31168,29529,59991,30812,29179,58967,30291,28676,58591,30036,28555,58532,30018,28514,58493,29983,28510,58424,29888,28536,58007,29695,28312,57916,29597,28319,58246,29697,28549,57891,29577,28314,58299,29833,28466,58330,29824,28506,58226,29815,28411,58301,29851,28450,59902,30797,29105,58602,30148,28454,60239,30893,29346,58878,30203,28675,60600,31142,29458,59134,30389,28745,61158,31507,29651,59522,30661,28861,61864,31895,29969,60001,30942,29059,61828,31766,30062,59787,30723,29064,62038,31828,30210,59859,30719,29140,61950,31829,30121,59597,30608,28989,61475,31628,29847,59172,30415,28757,60349,31058,29291,58095,29891,28204,59292,30482,28810,56935,29258,27677,58202,29833,28369,55609,28483,27126,57362,29471,27891,54548,28031,26517
4,13120,練馬区,105837,54208,51629,104409,53494,50915,102813,52666,50147,100091,51347,48744,97609,50014,47595,94617,48419,46198,92525,47426,45099,91181,46755,44426,89553,45961,43592,88267,45222,43045,87515,44785,42730,87054,44619,42435,86660,44362,42298,86592,44468,42124,86490,44416,42074,86655,44427,42228,86898,44521,42377,87304,44674,42630,87465,44829,42636,87616,44932,42684,88217,45374,42843,87789,45106,42683,88105,45276,42829,88410,45620,42790,88653,45719,42934,88447,45603,42844,88490,45531,42959,88396,45376,43020,88930,45705,43225,87879,45174,42705,88561,45551,43010,87520,45035,42485,88479,45569,42910,87391,45032,42359,88365,45509,42856,87203,44944,42259,88142,45322,42820,86896,44709,42187,88117,45245,42872,86722,44562,42160,87955,45120,42835,86486,44399,42087,88000,45057,42943,86439,44282,42157,87649,44900,42749,86106,44119,41987,86855,44507,42348,85302,43699,41603,85943,43981,41962,84222,43091,41131,84978,43524,41454,83121,42559,40562,84321,43214,41107,82243,42115,40128
4,13121,足立区,125696,64070,61626,120143,61238,58905,114877,58570,56307,109394,55659,53735,104283,53124,51159,99792,50790,49002,95918,48798,47120,93394,47476,45918,91100,46418,44682,88904,45520,43384,87196,44588,42608,86307,44214,42093,85205,43704,41501,84442,43356,41086,83970,43273,40697,83354,42976,40378,83086,42883,40203,82832,42720,40112,82798,42649,40149,82442,42429,40013,82416,42406,40010,81714,42067,39647,80980,41514,39466,81113,41641,39472,81284,41767,39517,81568,41999,39569,81482,41908,39574,81019,41669,39350,83285,42615,40670,80802,41378,39424,82912,42396,40516,80348,41124,39224,82818,42362,40456,80037,40984,39053,82678,42205,40473,79655,40705,38950,81885,41844,40041,78545,40160,38385,81081,41362,39719,77502,39544,37958,80226,40972,39254,76434,39045,37389,78931,40363,38568,74976,38374,36602,77773,39831,37942,73880,37860,36020,75885,38898,36987,72084,36960,35124,74091,37920,36171,70212,35934,34278,72500,37035,35465,68307,34879,33428,71368,36433,34935,66639,34025,32614
4,13122,葛飾区,76291,39103,37188,73870,37907,35963,71326,36695,34631,68819,35397,33422,66509,34176,32333,64145,32921,31224,62511,32178,30333,61357,31582,29775,60041,30913,29128,58963,30272,28691,58028,29674,28354,57406,29338,28068,56694,28949,27745,56062,28637,27425,55583,28420,27163,54794,27992,26802,54307,27763,26544,54057,27688,26369,54064,27688,26376,53791,27663,26128,53780,27681,26099,54046,27771,26275,53722,27590,26132,53634,27563,26071,53345,27441,25904,53192,27417,25775,53653,27647,26006,53235,27470,25765,53973,27827,26146,52600,27115,25485,53864,27765,26099,52433,27013,25420,53947,27767,26180,52305,26939,25366,53923,27830,26093,52107,26887,25220,54225,28000,26225,52094,26913,25181,54215,28005,26210,51811,26761,25050,53989,27839,26150,51433,26508,24925,53743,27669,26074,51035,26256,24779,53146,27322,25824,50524,25953,24571,52339,26889,25450,49744,25539,24205,51416,26451,24965,48671,25027,23644,50793,26116,24677,47745,24530,23215,50270,25857,24413,46958,24122,22836
4,13123,江戸川区,106655,54557,52098,103988,53229,50759,101855,51995,49860,99057,50474,48583,96192,49150,47042,93343,47612,45731,91586,46629,44957,90414,46054,44360,88483,45100,43383,86992,44449,42543,86580,44230,42350,86383,44222,42161,86931,44389,42542,88064,45081,42983,89222,45625,43597,90120,46060,44060,90831,46314,44517,91728,46759,44969,93070,47368,45702,93902,47721,46181,95286,48324,46962,95606,48666,46940,95899,48891,47008,95879,48828,47051,95850,48723,47127,95347,48459,46888,95324,48538,46786,94039,47856,46183,95248,48575,46673,92543,47171,45372,94047,48034,46013,91316,46652,44664,93393,47629,45764,90330,46062,44268,92871,47345,45526,89412,45588,43824,92107,46881,45226,88240,44943,43297,91321,46474,44847,86992,44300,42692,90565,46213,44352,85901,43831,42070,89602,45786,43816,84412,43114,41298,87549,44790,42759,82469,42144,40325,85210,43540,41670,80141,40868,39273,83045,42466,40579,77597,39609,37988,81140,41558,39582,75185,38469,36716,79465,40713,38752,72969,37351,35618
1,13200,市部,708578,364162,344416,693797,356339,337458,675284,346597,328687,653449,335214,318235,627952,322057,305895,606107,310807,295300,587881,301489,286392,571670,293516,278154,557595,286162,271433,544633,279571,265062,535099,274516,260583,526961,270173,256788,519902,266459,253443,515640,264329,251311,512084,262509,249575,509534,261246,248288,509181,261157,248024,509701,261520,248181,511801,262626,249175,513773,263842,249931,518190,265693,252497,519505,266453,253052,521393,267385,254008,524126,268781,255345,525894,269706,256188,526071,269962,256109,527551,270667,256884,525555,269660,255895,528709,271548,257161,523755,269009,254746,526446,270349,256097,521450,267785,253665,524085,268884,255201,518923,266246,252677,522279,268009,254270,516852,265216,251636,520907,267171,253736,515089,264225,250864,517930,265778,252152,511817,262652,249165,515951,264921,251030,509366,261541,247825,511876,262977,248899,504800,259331,245469,508548,261152,247396,501510,257546,243964,502222,257904,244318,494992,254186,240806,495161,254176,240985,487275,250103,237172,486314,249721,236593,477847,245342,232505,477711,245110,232601,468504,240367,228137
4,13201,八王子市,93451,47874,45577,91826,46919,44907,88834,45294,43540,86029,44023,42006,82497,42226,40271,79920,40945,38975,78017,39912,38105,76285,38991,37294,74758,38266,36492,73507,37653,35854,73188,37578,35610,72598,37175,35423,72149,36924,35225,71934,36759,35175,72006,36794,35212,72052,36807,35245,72330,37099,35231,72176,37018,35158,72056,36947,35109,71760,36898,34862,72302,37180,35122,72102,37074,35028,72271,37138,35133,72600,37232,35368,72896,37302,35594,72878,37244,35634,72834,37288,35546,72257,37061,35196,72527,37226,35301,71845,36878,34967,71397,36662,34735,70711,36305,34406,70387,36185,34202,69675,35814,33861,69419,35622,33797,68667,35224,33443,68371,35139,33232,67565,34723,32842,67210,34571,32639,66355,34123,32232,66042,34038,32004,65107,33542,31565,64972,33488,31484,63987,32963,31024,63868,32998,30870,62874,32469,30405,62196,32093,30103,61179,31556,29623,60638,31263,29375,59599,30709,28890,59018,30478,28540,57889,29893,27996,57309,29593,27716,56113,28973,27140
4,13202,立川市,31277,16030,15247,30464,15719,14745,29751,15290,14461,28512,14537,13975,27229,13896,13333,26104,13297,12807,24919,12676,12243,24133,12315,11818,23539,11997,11542,22795,11586,11209,22362,11282,11080,22413,11339,11074,22239,11268,10971,22069,11239,10830,22003,11240,10763,22104,11280,10824,22067,11233,10834,21983,11207,10776,21979,11231,10748,22074,11276,10798,22450,11418,11032,22430,11415,11015,22601,11496,11105,22608,11505,11103,22759,11580,11179,22594,11563,11031,22555,11508,11047,22454,11465,10989,22573,11591,10982,22286,11446,10840,22456,11519,10937,22185,11388,10797,22423,11457,10966,22115,11309,10806,22352,11436,10916,22028,11270,10758,22458,11541,10917,22122,11359,10763,22479,11558,10921,22116,11368,10748,22425,11497,10928,22035,11292,10743,22154,11312,10842,21756,11104,10652,22114,11367,10747,21727,11162,10565,21794,11204,10590,21422,11003,10419,21481,11034,10447,21113,10831,10282,21194,10879,10315,20816,10669,10147,20941,10684,10257,20516,10457,10059
4,13203,武蔵野市,23771,12151,11620,23431,11979,11452,22729,11626,11103,21799,11166,10633,20785,10651,10134,19989,10164,9825,19249,9823,9426,18475,9450,9025,17526,9022,8504,16955,8670,8285,16356,8389,7967,15914,8139,7775,15455,7972,7483,15218,7871,7347,15015,7780,7235,14730,7612,7118,14530,7527,7003,14346,7493,6853,14296,7490,6806,14022,7324,6698,14103,7326,6777,14211,7401,6810,14301,7550,6751,14253,7446,6807,14263,7475,6788,14417,7502,6915,14626,7595,7031,14805,7699,7106,15231,7929,7302,15128,7873,7255,15708,8180,7528,15601,8121,7480,16169,8332,7837,16038,8264,7774,16562,8519,8043,16440,8455,7985,16743,8581,8162,16614,8524,8090,16971,8703,8268,16818,8626,8192,17345,8943,8402,17159,8851,8308,17428,9013,8415,17219,8910,8309,17606,9046,8560,17379,8933,8446,17649,9061,8588,17411,8940,8471,17595,9079,8516,17338,8935,8403,17373,8961,8412,17078,8796,8282,17129,8826,8303,16787,8636,8151
4,13204,三鷹市,28985,14991,13994,28189,14556,13633,27607,14275,13332,26048,13429,12619,24758,12762,11996,23676,12151,11525,22813,11723,11090,22230,11479,10751,21595,11137,10458,20852,10816,10036,20366,10580,9786,20024,10395,9629,19813,10272,9541,19661,10159,9502,19523,10088,9435,19678,10147,9531,19882,10232,9650,19968,10273,9695,20244,10377,9867,20385,10413,9972,20386,10392,9994,20617,10542,10075,20682,10499,10183,21306,10849,10457,21465,10864,10601,21716,11024,10692,21600,11015,10585,21622,11031,10591,21914,11209,10705,21778,11140,10638,22063,11325,10738,21925,11254,10671,22478,11549,10929,22323,11477,10846,22732,11696,11036,22578,11623,10955,23311,12061,11250,23124,11979,11145,23402,12073,11329,23214,11981,11233,23634,12226,11408,23431,12125,11306,23687,12281,11406,23463,12171,11292,24035,12384,11651,23812,12279,11533,24086,12462,11624,23864,12355,11509,23711,12202,11509,23465,12081,11384,23382,12014,11368,23104,11869,11235,22946,11762,11184,22637,11596,11041
4,13205,青梅市,25922,13249,12673,25508,13045,12463,24848,12700,12148,24666,12625,12041,24101,12320,11781,23697,12131,11566,23463,11988,11475,23024,11782,11242,22973,11725,11248,22847,11707,11140,22874,11744,11130,22699,11686,11013,22557,11620,10937,22315,11464,10851,21910,11240,10670,21678,11130,10548,21285,10924,10361,21091,10801,10290,20809,10718,10091,20501,10580,9921,20285,10512,9773,19916,10277,9639,19498,10039,9459,19096,9856,9240,18765,9660,9105,18394,9502,8892,18207,9380,8827,17763,9134,8629,17389,8981,8408,17260,8911,8349,16834,8681,8153,16715,8617,8098,16490,8479,8011,16363,8405,7958,16030,8232,7798,15910,8161,7749,15587,7974,7613,15458,7901,7557,15146,7751,7395,15011,7678,7333,14642,7503,7139,14491,7416,7075,14146,7249,6897,13996,7163,6833,13759,7049,6710,13599,6958,6641,13276,6788,6488,13115,6701,6414,12817,6564,6253,12636,6465,6171,12338,6365,5973,12133,6253,5880,11860,6121,5739,11646,6003,5643
4,13206,府中市,39857,20438,19419,39092,20003,19089,38136,19529,18607,36687,18744,17943,35129,17959,17170,33882,17313,16569,32714,16743,15971,31720,16230,15490,31548,16107,15441,30898,15722,15176,30478,15521,14957,30251,15474,14777,30126,15430,14696,30288,15465,14823,30490,15603,14887,30455,15630,14825,30604,15693,14911,31266,16022,15244,31560,16173,15387,31828,16363,15465,32431,16661,15770,32964,16957,16007,33198,17089,16109,33449,17243,16206,33779,17415,16364,33947,17564,16383,34394,17742,16652,34495,17724,16771,34726,17863,16863,34403,17691,16712,34787,17892,16895,34470,17722,16748,34865,17868,16997,34529,17690,16839,35120,18058,17062,34768,17866,16902,35097,18067,17030,34715,17874,16841,34833,17880,16953,34461,17690,16771,34708,17797,16911,34309,17584,16725,34082,17552,16530,33650,17310,16340,33719,17381,16338,33314,17157,16157,33212,17087,16125,32787,16854,15933,32557,16737,15820,32093,16485,15608,31728,16207,15521,31242,15935,15307,31080,15807,15273,30550,15523,15027
4,13207,昭島市,21661,11128,10533,21110,10868,10242,20500,10556,9944,20469,10548,9921,20086,10361,9725,19477,10041,9436,18991,9793,9198,18542,9567,8975,18072,9338,8734,17724,9110,8614,17404,8938,8466,17022,8735,8287,16504,8454,8050,16065,8258,7807,15757,8057,7700,15239,7818,7421,14961,7682,7279,14719,7552,7167,14894,7623,7271,14880,7633,7247,14766,7574,7192,14912,7613,7299,14799,7541,7258,14689,7490,7199,14540,7399,7141,14506,7430,7076,14497,7418,7079,14517,7413,7104,14624,7449,7175,14443,7360,7083,14474,7355,7119,14293,7263,7030,14349,7302,7047,14165,7209,6956,14295,7237,7058,14104,7141,6963,14226,7217,7009,14021,7117,6904,14204,7200,7004,14000,7103,6897,14093,7154,6939,13885,7056,6829,14061,7119,6942,13818,6997,6821,13921,7055,6866,13710,6947,6763,13880,7054,6826,13659,6944,6715,13931,7086,6845,13676,6953,6723,13798,7013,6785,13530,6869,6661,13699,6967,6732,13409,6812,6597
4,13208,調布市,35191,18113,17078,34624,17832,16792,33758,17309,16449,32729,16680,16049,31295,15914,15381,29761,15158,14603,28506,14469,14037,27582,13997,13585,26856,13595,13261,25869,13145,12724,25107,12796,12311,24597,12491,12106,24355,12364,11991,24392,12425,11967,24139,12213,11926,24012,12174,11838,24349,12262,12087,24400,12357,12043,24580,12558,12022,24940,12785,12155,25697,13089,12608,25851,13203,12648,25981,13288,12693,26248,13472,12776,26801,13801,13000,27101,13973,13128,27439,14106,13333,27631,14141,13490,28162,14384,13778,27907,14263,13644,28164,14405,13759,27936,14295,13641,28302,14426,13876,28084,14325,13759,28465,14522,13943,28215,14398,13817,28993,14821,14172,28723,14683,14040,29254,14983,14271,28984,14837,14147,29705,15175,14530,29407,15018,14389,29740,15176,14564,29438,15018,14420,29680,15125,14555,29383,14971,14412,29626,15159,14467,29313,14998,14315,29274,14926,14348,28936,14759,14177,28812,14679,14133,28458,14497,13961,28416,14463,13953,28054,14280,13774
4,13209,町田市,72985,37635,35350,71221,36605,34616,69037,35568,33469,66869,34357,32512,63567,32528,31039,61001,31207,29794,58818,30234,28584,56726,29208,27518,54868,28204,26664,53615,27599,26016,52263,26889,25374,51131,26226,24905,50243,25838,24405,49765,25546,24219,49275,25347,23928,49381,25448,23933,49847,25643,24204,50822,26096,24726,52254,26839,25415,53835,27586,26249,54817,28090,26727,55413,28468,26945,56379,28996,27383,57277,29407,27870,57765,29677,28088,58213,29883,28330,58629,30099,28530,58354,30050,28304,58397,30111,28286,57985,29889,28096,58025,29850,28175,57609,29627,27982,57343,29507,27836,56910,29273,27637,56459,29152,27307,55987,28901,27086,55743,28694,27049,55231,28432,26799,54912,28293,26619,54380,28032,26348,53989,27733,26256,53416,27451,25965,53072,27247,25825,52448,26944,25504,52142,26715,25427,51481,26396,25085,51165,26252,24913,50469,25899,24570,50376,25888,24488,49574,25473,24101,49509,25453,24056,48589,24989,23600,48621,24979,23642,47580,24450,23130
4,13210,小金井市,18556,9480,9076,18167,9333,8834,17759,9133,8626,16997,8802,8195,16241,8364,7877,15764,8108,7656,15349,7884,7465,15262,7847,7415,14655,7525,7130,14442,7376,7066,14427,7346,7081,14476,7373,7103,14404,7274,7130,14231,7234,6997,13989,7141,6848,13945,7174,6771,13870,7158,6712,13692,7085,6607,13610,7014,6596,13588,6977,6611,13546,6905,6641,13495,6936,6559,13480,6958,6522,13444,6966,6478,13371,6946,6425,13369,6948,6421,13722,7100,6622,13774,7139,6635,13962,7246,6716,13788,7155,6633,14100,7271,6829,13930,7191,6739,14072,7246,6826,13941,7193,6748,14094,7237,6857,13958,7170,6788,14396,7417,6979,14218,7335,6883,14521,7488,7033,14329,7397,6932,14754,7608,7146,14539,7505,7034,15011,7777,7234,14789,7676,7113,15425,7896,7529,15187,7791,7396,15770,8017,7753,15516,7896,7620,15759,8019,7740,15464,7871,7593,15682,8043,7639,15357,7883,7474,15670,8037,7633,15309,7845,7464
4,13211,小平市,30921,15871,15050,30157,15460,14697,29219,15041,14178,27985,14443,13542,26916,13983,12933,25879,13447,12432,25157,13076,12081,24831,12880,11951,24687,12748,11939,24356,12569,11787,24206,12458,11748,24323,12559,11764,24346,12512,11834,24140,12414,11726,24318,12523,11795,24378,12555,11823,24421,12625,11796,24674,12764,11910,24868,12873,11995,24743,12780,11963,24772,12838,11934,24512,12680,11832,24391,12603,11788,24399,12615,11784,24216,12563,11653,24173,12520,11653,23933,12366,11567,23855,12277,11578,24309,12478,11831,24055,12365,11690,24366,12510,11856,24098,12381,11717,24331,12535,11796,24055,12393,11662,24552,12666,11886,24272,12523,11749,24763,12742,12021,24445,12583,11862,24953,12939,12014,24630,12777,11853,25361,13125,12236,25019,12966,12053,25505,13189,12316,25149,13023,12126,25580,13215,12365,25240,13053,12187,25274,13005,12269,24918,12827,12091,25377,13072,12305,24974,12868,12106,25103,12909,12194,24685,12699,11986,24653,12684,11969,24188,12455,11733
4,13212,日野市,33454,17371,16083,32753,16918,15835,31668,16299,15369,30233,15541,14692,28645,14738,13907,27437,14233,13204,26388,13635,12753,25415,13124,12291,24496,12597,11899,23551,12164,11387,22988,11797,11191,22346,11512,10834,21985,11325,10660,21532,11080,10452,21484,11084,10400,21298,10935,10363,21126,10813,10313,21164,10901,10263,21420,11042,10378,21919,11256,10663,22318,11428,10890,22485,11532,10953,22867,11774,11093,23111,11904,11207,23270,11953,11317,23289,11873,11416,23506,11978,11528,23432,12005,11427,23657,12135,11522,23465,12034,11431,23749,12180,11569,23545,12077,11468,23793,12172,11621,23583,12059,11524,23985,12272,11713,23766,12161,11605,23947,12227,11720,23749,12129,11620,23754,12149,11605,23530,12032,11498,23585,12134,11451,23340,12003,11337,23458,12069,11389,23180,11920,11260,23418,12010,11408,23139,11864,11275,23127,11885,11242,22867,11752,11115,22760,11741,11019,22475,11600,10875,22598,11706,10892,22309,11562,10747,22300,11605,10695,21999,11457,10542
4,13213,東村山市,25095,12845,12250,24732,12718,12014,24677,12636,12041,23783,12177,11606,22938,11727,11211,22160,11353,10807,21807,11182,10625,21342,10935,10407,20800,10691,10109,20334,10451,9883,19840,10227,9613,19359,9963,9396,19148,9802,9346,19421,9918,9503,19608,9967,9641,19703,10019,9684,19828,10099,9729,19713,10078,9635,19710,10041,9669,19800,10125,9675,19789,10089,9700,19682,10071,9611,19547,9975,9572,19608,10091,9517,19779,10146,9633,19882,10173,9709,19928,10252,9676,19884,10276,9608,19891,10290,9601,19686,10183,9503,19530,10098,9432,19320,9991,9329,19143,9863,9280,18936,9754,9182,18856,9679,9177,18645,9571,9074,18590,9555,9035,18368,9437,8931,18340,9394,8946,18088,9255,8833,18166,9330,8836,17902,9187,8715,18060,9295,8765,17762,9133,8629,17975,9236,8739,17682,9074,8608,17837,9152,8685,17512,8987,8525,17617,9064,8553,17249,8869,8380,17295,8926,8369,16909,8732,8177,16931,8741,8190,16508,8526,7982
4,13214,国分寺市,17126,8791,8335,16789,8596,8193,16514,8468,8046,16081,8258,7823,15630,8006,7624,15162,7707,7455,14685,7446,7239,14386,7337,7049,14057,7244,6813,13876,7134,6742,13769,7109,6660,13615,7073,6542,13450,6963,6487,13257,6893,6364,12980,6735,6245,12865,6657,6208,13267,6917,6350,13506,7004,6502,13668,7055,6613,13764,7083,6681,13842,7091,6751,14243,7324,6919,14206,7299,6907,14243,7319,6924,14344,7343,7001,14357,7396,6961,14174,7295,6879,14089,7273,6816,14386,7407,6979,14275,7353,6922,14541,7468,7073,14420,7407,7013,14491,7495,6996,14367,7430,6937,14587,7513,7074,14458,7447,7011,14716,7604,7112,14580,7530,7050,14843,7644,7199,14687,7564,7123,15160,7829,7331,14994,7741,7253,15413,7962,7451,15224,7859,7365,15724,8162,7562,15522,8052,7470,15940,8288,7652,15725,8173,7552,16031,8307,7724,15804,8188,7616,16066,8327,7739,15821,8195,7626,16214,8419,7795,15915,8259,7656
4,13215,国立市,12846,6651,6195,12521,6534,5987,12121,6333,5788,11616,6019,5597,11082,5721,5361,10554,5422,5132,10172,5215,4957,9917,5104,4813,9615,4944,4671,9293,4819,4474,9132,4741,4391,9008,4666,4342,9088,4696,4392,9355,4840,4515,9552,4911,4641,9820,5034,4786,9893,5102,4791,9930,5087,4843,9772,4992,4780,9679,4962,4717,9698,4969,4729,9588,4908,4680,9394,4794,4600,9316,4774,4542,9210,4715,4495,9141,4702,4439,9041,4674,4367,8935,4648,4287,8985,4672,4313,8861,4602,4259,8842,4610,4232,8719,4539,4180,8864,4628,4236,8738,4555,4183,8814,4607,4207,8682,4531,4151,8797,4608,4189,8637,4516,4121,8746,4603,4143,8589,4513,4076,8739,4598,4141,8576,4513,4063,8682,4567,4115,8514,4480,4034,8671,4557,4114,8515,4472,4043,8537,4465,4072,8390,4386,4004,8522,4434,4088,8354,4355,3999,8372,4355,4017,8194,4268,3926,8208,4244,3964,8047,4159,3888
4,13218,福生市,11555,5895,5660,11382,5816,5566,11301,5769,5532,11145,5663,5482,11183,5705,5478,11068,5644,5424,10862,5536,5326,10763,5530,5233,10503,5387,5116,10343,5284,5059,10242,5241,5001,10018,5103,4915,9700,4952,4748,9622,4935,4687,9457,4872,4585,9273,4749,4524,9144,4684,4460,8961,4586,4375,8720,4443,4277,8460,4292,4168,8339,4267,4072,8081,4153,3928,7854,4009,3845,7615,3899,3716,7550,3880,3670,7278,3710,3568,7080,3625,3455,6850,3500,3350,6817,3470,3347,6625,3364,3261,6654,3384,3270,6458,3284,3174,6499,3301,3198,6315,3203,3112,6403,3240,3163,6215,3142,3073,6279,3180,3099,6075,3082,2993,6196,3120,3076,5974,3004,2970,6092,3083,3009,5842,2955,2887,5941,3020,2921,5693,2888,2805,5849,2978,2871,5592,2846,2746,5665,2892,2773,5399,2748,2651,5581,2835,2746,5280,2680,2600,5483,2771,2712,5145,2595,2550,5386,2710,2676,5019,2524,2495
4,13219,狛江市,13096,6766,6330,12739,6585,6154,12228,6294,5934,11702,6038,5664,11080,5759,5321,10439,5425,5014,10017,5226,4791,9665,5040,4625,9376,4857,4519,9115,4696,4419,8808,4563,4245,8656,4464,4192,8370,4295,4075,8267,4238,4029,8268,4234,4034,8235,4188,4047,8202,4158,4044,8325,4251,4074,8508,4355,4153,8485,4361,4124,8585,4412,4173,8688,4447,4241,8595,4402,4193,8619,4387,4232,8591,4409,4182,8601,4415,4186,8645,4452,4193,8603,4440,4163,8728,4524,4204,8674,4497,4177,8796,4535,4261,8735,4506,4229,9045,4642,4403,8976,4608,4368,9217,4739,4478,9144,4706,4438,9367,4779,4588,9287,4742,4545,9540,4900,4640,9458,4863,4595,9666,4977,4689,9584,4938,4646,9883,5085,4798,9788,5034,4754,9880,5087,4793,9790,5039,4751,9822,5050,4772,9736,5005,4731,9708,4982,4726,9622,4936,4686,9556,4881,4675,9451,4825,4626,9484,4827,4657,9377,4773,4604
4,13220,東大和市,16299,8385,7914,15673,7960,7713,15285,7758,7527,15007,7603,7404,14412,7296,7116,13808,7021,6787,13427,6873,6554,13044,6647,6397,12717,6462,6255,12488,6379,6109,12317,6289,6028,12156,6167,5989,12071,6139,5932,11857,6059,5798,11521,5945,5576,11439,5909,5530,11558,5919,5639,11728,5989,5739,11726,5991,5735,11617,5953,5664,11634,5963,5671,11474,5821,5653,11474,5849,5625,11692,5935,5757,11718,5942,5776,11628,5920,5708,11764,5949,5815,11699,5878,5821,11752,5931,5821,11667,5892,5775,11721,5932,5789,11634,5887,5747,11624,5880,5744,11522,5836,5686,11597,5896,5701,11498,5855,5643,11491,5819,5672,11399,5776,5623,11376,5766,5610,11276,5716,5560,11221,5714,5507,11120,5658,5462,10962,5554,5408,10858,5502,5356,10829,5512,5317,10731,5464,5267,10562,5411,5151,10466,5364,5102,10305,5291,5014,10204,5244,4960,10131,5179,4952,10035,5139,4896,9971,5098,4873,9866,5056,4810
4,13221,清瀬市,13747,7033,6714,13351,6819,6532,12929,6581,6348,12481,6391,6090,11883,6067,5816,11415,5861,5554,11004,5654,5350,10584,5423,5161,10273,5263,5010,10109,5179,4930,9925,5054,4871,9789,4969,4820,9527,4852,4675,9305,4715,4590,9196,4667,4529,9042,4600,4442,8952,4591,4361,9025,4657,4368,9076,4683,4393,9201,4729,4472,9691,4972,4719,9748,5001,4747,9771,4997,4774,9714,4967,4747,9664,4955,4709,9613,4972,4641,9634,4972,4662,9585,4931,4654,9589,4932,4657,9503,4885,4618,9597,4943,4654,9509,4895,4614,9534,4914,4620,9440,4865,4575,9508,4909,4599,9396,4850,4546,9431,4821,4610,9324,4759,4565,9296,4749,4547,9183,4684,4499,9200,4713,4487,9078,4643,4435,8970,4592,4378,8835,4512,4323,8904,4536,4368,8771,4461,4310,8786,4444,4342,8663,4377,4286,8639,4380,4259,8512,4305,4207,8520,4321,4199,8399,4250,4149,8414,4247,4167,8275,4171,4104
4,13222,東久留米市,25951,13416,12535,25087,12945,12142,23865,12328,11537,22743,11647,11096,21571,10993,10578,20899,10649,10250,20170,10278,9892,19390,9938,9452,18672,9603,9069,17935,9261,8674,17499,9054,8445,16943,8750,8193,16587,8527,8060,16446,8446,8000,16315,8413,7902,16075,8278,7797,15771,8171,7600,15775,8164,7611,15603,8081,7522,15513,8068,7445,15595,8053,7542,15489,7993,7496,15386,7935,7451,15322,7923,7399,15236,7894,7342,14952,7744,7208,14820,7683,7137,14610,7559,7051,14673,7597,7076,14500,7506,6994,14645,7516,7129,14446,7415,7031,14594,7498,7096,14392,7394,6998,14585,7493,7092,14358,7379,6979,14451,7380,7071,14223,7274,6949,14297,7314,6983,14076,7211,6865,14234,7260,6974,14015,7158,6857,14122,7246,6876,13890,7135,6755,13975,7126,6849,13745,7013,6732,13940,7133,6807,13718,7027,6691,13871,7074,6797,13604,6945,6659,13682,6988,6694,13398,6856,6542,13492,6845,6647,13183,6704,6479
4,13223,武蔵村山市,14618,7623,6995,14094,7292,6802,13452,6987,6465,13004,6734,6270,12587,6498,6089,12327,6361,5966,12034,6223,5811,11706,6050,5656,11619,6023,5596,11380,5907,5473,11249,5805,5444,10986,5667,5319,10552,5424,5128,10542,5423,5119,10420,5315,5105,10207,5244,4963,10169,5171,4998,10074,5116,4958,10100,5101,4999,9995,5047,4948,10002,5038,4964,10271,5155,5116,10399,5213,5186,10545,5265,5280,10805,5414,5391,10941,5477,5464,11032,5556,5476,11047,5570,5477,11037,5572,5465,10926,5511,5415,10881,5512,5369,10766,5450,5316,10769,5450,5319,10653,5391,5262,10624,5388,5236,10475,5315,5160,10438,5252,5186,10277,5172,5105,10314,5199,5115,10137,5109,5028,10193,5204,4989,10002,5107,4895,9965,5094,4871,9787,5002,4785,9650,4976,4674,9474,4883,4591,9404,4839,4565,9225,4738,4487,9082,4659,4423,8901,4560,4341,8687,4428,4259,8499,4328,4171,8372,4289,4083,8183,4189,3994
4,13224,多摩市,32006,16384,15622,32164,16519,15645,32015,16431,15584,31771,16369,15402,31039,16127,14912,29849,15497,14352,28856,14943,13913,27515,14319,13196,26249,13628,12621,25251,13090,12161,23970,12344,11626,22863,11735,11128,21848,11229,10619,20965,10788,10177,20211,10355,9856,19221,9859,9362,18626,9497,9129,18081,9234,8847,17698,9056,8642,17458,8924,8534,17333,8844,8489,17129,8753,8376,17275,8833,8442,17842,9080,8762,17924,9121,8803,17973,9158,8815,17823,9073,8750,17639,8981,8658,17605,8974,8631,17432,8895,8537,17981,9225,8756,17800,9138,8662,17925,9166,8759,17734,9073,8661,17836,9111,8725,17645,9017,8628,17687,9024,8663,17487,8928,8559,17624,8965,8659,17421,8868,8553,17420,8889,8531,17218,8786,8432,17258,8813,8445,17044,8705,8339,16923,8600,8323,16713,8496,8217,16343,8339,8004,16145,8241,7904,16033,8159,7874,15818,8057,7761,15540,7957,7583,15305,7839,7466,15176,7729,7447,14932,7606,7326
4,13225,稲城市,12356,6379,5977,11978,6151,5827,11611,5933,5678,11087,5674,5413,10833,5554,5279,11032,5628,5404,10904,5543,5361,10535,5358,5177,10465,5360,5105,10246,5247,4999,10111,5192,4919,9966,5068,4898,10090,5103,4987,9960,5088,4872,9934,5103,4831,10214,5261,4953,10482,5407,5075,10638,5462,5176,10939,5639,5300,11384,5916,5468,11704,6068,5636,11912,6164,5748,12376,6368,6008,12534,6421,6113,12780,6554,6226,12822,6589,6233,13125,6731,6394,13284,6828,6456,13418,6900,6518,13312,6839,6473,13407,6897,6510,13292,6833,6459,13270,6782,6488,13154,6723,6431,13284,6805,6479,13167,6743,6424,13499,6929,6570,13381,6867,6514,13498,6944,6554,13383,6889,6494,13403,6888,6515,13284,6834,6450,13384,6887,6497,13246,6819,6427,13334,6908,6426,13189,6839,6350,13213,6822,6391,13053,6749,6304,13117,6736,6381,12932,6657,6275,12940,6629,6311,12742,6537,6205,12710,6517,6193,12503,6428,6075
4,13227,羽村市,11563,6023,5540,11379,5948,5431,11178,5829,5349,10936,5690,5246,10669,5549,5120,10301,5353,4948,10034,5234,4800,9927,5218,4709,9797,5137,4660,9540,4959,4581,9478,4904,4574,9373,4899,4474,9181,4738,4443,9106,4664,4442,9063,4685,4378,9027,4626,4401,8912,4590,4322,8715,4468,4247,8631,4399,4232,8576,4386,4190,8437,4275,4162,8335,4203,4132,8324,4147,4177,8234,4088,4146,8168,4075,4093,8142,4095,4047,8047,4020,4027,7890,3945,3945,7878,3970,3908,7728,3893,3835,7704,3854,3850,7578,3792,3786,7572,3827,3745,7444,3762,3682,7374,3747,3627,7246,3683,3563,7269,3726,3543,7138,3659,3479,7102,3660,3442,6960,3587,3373,6960,3591,3369,6817,3520,3297,6804,3519,3285,6644,3444,3200,6579,3399,3180,6430,3328,3102,6416,3328,3088,6278,3261,3017,6233,3247,2986,6084,3170,2914,6070,3172,2898,5915,3096,2819,5871,3052,2819,5709,2967,2742
4,13228,あきる野市,15470,7965,7505,14917,7708,7209,14376,7422,6954,13919,7200,6719,13524,6986,6538,13232,6858,6374,13005,6710,6295,12773,6564,6209,12747,6622,6125,12610,6519,6091,12372,6397,5975,12162,6266,5896,12059,6259,5800,11924,6175,5749,11734,6053,5681,11715,6015,5700,11633,5985,5648,11612,6005,5607,11672,6047,5625,11646,6063,5583,11604,6016,5588,11618,5996,5622,11588,5976,5612,11696,6019,5677,11642,6027,5615,11615,6022,5593,11546,5998,5548,11466,5960,5506,11339,5906,5433,11282,5879,5403,11204,5820,5384,11147,5790,5357,10986,5721,5265,10935,5693,5242,10821,5584,5237,10779,5560,5219,10580,5429,5151,10540,5407,5133,10347,5253,5094,10313,5237,5076,10260,5202,5058,10211,5176,5035,9998,5058,4940,9945,5028,4917,9781,4998,4783,9723,4967,4756,9550,4877,4673,9479,4843,4636,9242,4737,4505,9164,4696,4468,8944,4571,4373,8864,4529,4335,8662,4464,4198,8570,4412,4158
4,13229,西東京市,30819,15675,15144,30449,15511,14938,29886,15208,14678,29151,14856,14295,28272,14367,13905,27274,13833,13441,26520,13470,13050,25898,13183,12715,25132,12680,12452,24702,12529,12173,24368,12278,12090,24273,12279,11994,24055,12227,11828,24003,12233,11770,23916,12144,11772,23748,12097,11651,23472,11975,11497,23317,11850,11467,23408,11858,11550,23720,12062,11658,24064,12223,11841,24339,12366,11973,24756,12617,12139,24666,12628,12038,24593,12596,11997,24529,12563,11966,24950,12792,12158,25015,12732,12283,25140,12801,12339,24941,12705,12236,24820,12725,12095,24608,12617,11991,24767,12659,12108,24536,12548,11988,24708,12649,12059,24451,12524,11927,24677,12584,12093,24388,12437,11951,24772,12679,12093,24444,12508,11936,24954,12710,12244,24585,12516,12069,25118,12813,12305,24677,12591,12086,25207,12836,12371,24788,12632,12156,25152,12797,12355,24683,12562,12121,24904,12660,12244,24404,12411,11993,24493,12509,11984,23980,12239,11741,24196,12400,11796,23629,12106,11523
1,13550,町村部,20167,10392,9775,19831,10229,9602,19278,9924,9354,18756,9671,9085,18109,9282,8827,17481,9006,8475,16880,8672,8208,16428,8469,7959,15971,8225,7746,15496,7951,7545,14953,7673,7280,14556,7476,7080,14049,7215,6834,13586,6945,6641,13168,6768,6400,12803,6562,6241,12587,6475,6112,12283,6332,5951,12020,6180,5840,11724,6007,5717,11505,5909,5596,11167,5779,5388,10992,5719,5273,10765,5591,5174,10712,5526,5186,10655,5478,5177,10627,5472,5155,10573,5459,5114,10574,5467,5107,10509,5437,5072,10484,5434,5050,10412,5396,5016,10342,5367,4975,10271,5331,4940,10254,5316,4938,10165,5271,4894,10068,5225,4843,9981,5181,4800,9916,5169,4747,9822,5121,4701,9707,5047,4660,9617,5000,4617,9468,4961,4507,9365,4908,4457,9208,4837,4371,9119,4788,4331,8955,4663,4292,8880,4621,4259,8708,4485,4223,8629,4442,4187,8446,4338,4108,8367,4294,4073,8115,4189,3926,8028,4142,3886
2,13300,郡部,13137,6829,6308,12916,6723,6193,12548,6538,6010,12240,6377,5863,11808,6111,5697,11351,5885,5466,10983,5679,5304,10708,5560,5148,10347,5367,4980,10042,5200,4842,9705,5030,4675,9431,4907,4524,9148,4759,4389,8882,4583,4299,8620,4441,4179,8345,4277,4068,8255,4246,4009,8146,4203,3943,8007,4111,3896,7863,4008,3855,7753,3968,3785,7587,3896,3691,7499,3862,3637,7351,3781,3570,7352,3771,3581,7323,3739,3584,7281,3733,3548,7221,3717,3504,7241,3721,3520,7179,3692,3487,7209,3710,3499,7144,3675,3469,7133,3686,3447,7069,3653,3416,7060,3628,3432,6980,3588,3392,6948,3594,3354,6866,3554,3312,6835,3557,3278,6744,3511,3233,6706,3472,3234,6620,3427,3193,6497,3376,3121,6398,3325,3073,6357,3318,3039,6272,3271,3001,6194,3212,2982,6123,3172,2951,6027,3092,2935,5953,3052,2901,5799,2980,2819,5725,2939,2786,5579,2863,2716,5497,2819,2678
4,13303,瑞穂町,6701,3428,3273,6689,3447,3242,6587,3400,3187,6525,3349,3176,6413,3278,3135,6280,3231,3049,6178,3184,2994,6117,3173,2944,5977,3091,2886,5871,3044,2827,5745,2973,2772,5634,2946,2688,5559,2889,2670,5483,2816,2667,5347,2732,2615,5250,2643,2607,5349,2700,2649,5331,2729,2602,5291,2721,2570,5248,2690,2558,5213,2664,2549,5148,2645,2503,5067,2596,2471,4964,2544,2420,4867,2473,2394,4777,2434,2343,4676,2386,2290,4557,2332,2225,4470,2281,2189,4419,2258,2161,4396,2247,2149,4336,2215,2121,4310,2225,2085,4252,2195,2057,4208,2161,2047,4135,2125,2010,4098,2099,1999,4022,2063,1959,3981,2042,1939,3895,2000,1895,3868,1974,1894,3786,1932,1854,3680,1887,1793,3592,1841,1751,3567,1840,1727,3492,1798,1694,3450,1763,1687,3390,1729,1661,3379,1713,1666,3317,1679,1638,3293,1666,1627,3231,1632,1599,3236,1633,1603,3169,1598,1571
4,13305,日の出町,4073,2176,1897,3961,2105,1856,3825,2030,1795,3714,1982,1732,3500,1859,1641,3300,1742,1558,3111,1629,1482,2959,1554,1405,2811,1471,1340,2648,1392,1256,2518,1335,1183,2424,1267,1157,2272,1189,1083,2140,1111,1029,2095,1099,996,1978,1051,927,1861,991,870,1825,963,862,1776,917,859,1735,874,861,1710,879,831,1663,850,813,1686,880,806,1685,880,805,1812,945,867,1917,980,937,2006,1031,975,2092,1082,1010,2233,1150,1083,2223,1145,1078,2287,1187,1100,2282,1184,1098,2331,1201,1130,2326,1198,1128,2369,1215,1154,2364,1211,1153,2390,1242,1148,2385,1238,1147,2393,1250,1143,2389,1246,1143,2353,1217,1136,2350,1214,1136,2341,1223,1118,2333,1220,1113,2306,1209,1097,2299,1206,1093,2246,1181,1065,2238,1177,1061,2161,1123,1038,2152,1119,1033,2036,1069,967,2028,1066,962,1915,1015,900,1904,1010,894
4,13307,檜原村,681,354,327,643,334,309,594,318,276,557,302,255,535,283,252,495,262,233,479,251,228,464,245,219,462,247,215,459,238,221,441,230,211,397,208,189,392,209,183,379,203,176,351,193,158,335,176,159,323,173,150,305,160,145,285,148,137,271,143,128,265,139,126,240,125,115,235,115,120,215,105,110,207,105,102,192,91,101,185,88,97,172,82,90,176,89,87,176,89,87,168,84,84,168,84,84,155,81,74,155,81,74,152,77,75,151,77,74,135,73,62,135,73,62,122,70,52,122,70,52,137,78,59,137,78,59,139,76,63,139,76,63,137,74,63,137,74,63,150,76,74,150,76,74,151,74,77,151,74,77,143,72,71,143,72,71,125,65,60,125,65,60
4,13308,奥多摩町,1682,871,811,1623,837,786,1542,790,752,1444,744,700,1360,691,669,1276,650,626,1215,615,600,1168,588,580,1097,558,539,1064,526,538,1001,492,509,976,486,490,925,472,453,880,453,427,827,417,410,782,407,375,722,382,340,685,351,334,655,325,330,609,301,308,565,286,279,536,276,260,511,271,240,487,252,235,466,248,218,437,234,203,414,228,186,400,221,179,362,201,161,361,200,161,358,192,166,358,192,166,337,179,158,336,179,157,331,175,156,330,175,155,325,180,145,324,180,144,339,195,144,338,195,143,348,203,145,347,203,144,337,190,147,334,188,146,347,195,152,344,193,151,348,192,156,345,190,155,336,182,154,333,180,153,327,173,154,323,169,154,303,150,153,299,146,153
2,13350,島部,7030,3563,3467,6915,3506,3409,6730,3386,3344,6516,3294,3222,6301,3171,3130,6130,3121,3009,5897,2993,2904,5720,2909,2811,5624,2858,2766,5454,2751,2703,5248,2643,2605,5125,2569,2556,4901,2456,2445,4704,2362,2342,4548,2327,2221,4458,2285,2173,4332,2229,2103,4137,2129,2008,4013,2069,1944,3861,1999,1862,3752,1941,1811,3580,1883,1697,3493,1857,1636,3414,1810,1604,3360,1755,1605,3332,1739,1593,3346,1739,1607,3352,1742,1610,3333,1746,1587,3330,1745,1585,3275,1724,1551,3268,1721,1547,3209,1681,1528,3202,1678,1524,3194,1688,1506,3185,1683,1502,3120,1631,1489,3115,1627,1488,3081,1612,1469,3078,1610,1468,3001,1575,1426,2997,1573,1424,2971,1585,1386,2967,1583,1384,2851,1519,1332,2847,1517,1330,2761,1451,1310,2757,1449,1308,2681,1393,1288,2676,1390,1286,2647,1358,1289,2642,1355,1287,2536,1326,1210,2531,1323,1208
3,13360,大島支庁,3535,1798,1737,3467,1765,1702,3392,1690,1702,3289,1627,1662,3172,1566,1606,3111,1566,1545,2928,1468,1460,2832,1420,1412,2751,1375,1376,2629,1309,1320,2498,1243,1255,2405,1191,1214,2275,1127,1148,2186,1077,1109,2120,1068,1052,2054,1045,1009,2002,1031,971,1929,1001,928,1881,974,907,1809,929,880,1810,934,876,1820,949,871,1730,904,826,1674,865,809,1667,862,805,1660,860,800,1661,856,805,1646,851,795,1623,853,770,1621,852,769,1601,842,759,1598,840,758,1556,803,753,1553,801,752,1545,796,749,1542,794,748,1481,748,733,1478,746,732,1439,735,704,1436,733,703,1392,713,679,1388,711,677,1392,726,666,1388,724,664,1318,680,638,1314,678,636,1269,644,625,1265,642,623,1230,627,603,1226,625,601,1199,613,586,1196,612,584,1140,589,551,1137,588,549
4,13361,大島町,2148,1082,1066,2076,1042,1034,2010,993,1017,1909,935,974,1825,886,939,1779,878,901,1680,822,858,1641,816,825,1595,807,788,1550,780,770,1465,751,714,1423,731,692,1335,692,643,1280,660,620,1274,657,617,1226,638,588,1214,636,578,1167,610,557,1117,579,538,1091,562,529,1093,572,521,1082,569,513,1006,529,477,992,515,477,1008,520,488,1006,520,486,997,512,485,984,511,473,944,500,444,942,499,443,932,496,436,929,494,435,914,480,434,911,478,433,892,475,417,889,473,416,855,448,407,852,446,406,812,418,394,809,416,393,775,400,375,771,398,373,764,402,362,760,400,360,732,385,347,728,383,345,709,369,340,705,367,338,693,360,333,689,358,331,682,354,328,679,353,326,640,342,298,637,341,296
4,13362,利島村,57,33,24,60,34,26,66,34,32,67,37,30,66,38,28,64,39,25,57,38,19,53,35,18,54,33,21,49,29,20,48,29,19,39,20,19,43,21,22,49,23,26,51,23,28,40,19,21,35,17,18,41,20,21,39,21,18,32,15,17,36,18,18,32,15,17,29,14,15,29,14,15,33,18,15,35,19,16,47,28,19,47,29,18,48,28,20,48,28,20,47,27,20,47,27,20,47,27,20,47,27,20,53,28,25,53,28,25,54,26,28,54,26,28,59,31,28,59,31,28,61,32,29,61,32,29,61,34,27,61,34,27,49,28,21,49,28,21,52,25,27,52,25,27,47,26,21,47,26,21,41,20,21,41,20,21,35,18,17,35,18,17
4,13363,新島村,782,416,366,769,412,357,742,386,356,731,371,360,681,342,339,662,343,319,617,320,297,581,290,291,551,267,284,513,250,263,467,217,250,455,211,244,425,192,233,415,184,231,393,183,210,381,177,204,369,174,195,360,177,183,380,193,187,362,185,177,363,178,185,381,193,188,381,200,181,364,182,182,346,175,171,346,177,169,336,171,165,336,170,166,342,179,163,342,179,163,328,168,160,328,168,160,319,152,167,319,152,167,319,149,170,319,149,170,306,143,163,306,143,163,288,141,147,288,141,147,277,130,147,277,130,147,286,135,151,286,135,151,271,128,143,271,128,143,243,109,134,243,109,134,234,109,125,234,109,125,232,113,119,232,113,119,231,108,123,231,108,123
4,13364,神津島村,548,267,281,562,277,285,574,277,297,582,284,298,600,300,300,606,306,300,574,288,286,557,279,278,551,268,283,517,250,267,518,246,272,488,229,259,472,222,250,442,210,232,402,205,197,407,211,196,384,204,180,361,194,167,345,181,164,324,167,157,318,166,152,325,172,153,314,161,153,289,154,135,280,149,131,273,144,129,281,145,136,279,141,138,289,146,143,289,146,143,294,151,143,294,151,143,276,144,132,276,144,132,281,144,137,281,144,137,266,131,135,266,131,135,280,145,135,280,145,135,279,151,128,279,151,128,281,155,126,281,155,126,266,139,127,266,139,127,265,141,124,265,141,124,256,132,124,256,132,124,244,126,118,244,126,118,234,121,113,234,121,113
3,13380,三宅支庁,850,440,410,834,427,407,822,420,402,809,418,391,810,407,403,791,395,396,785,394,391,729,365,364,759,384,375,698,351,347,690,343,347,673,337,336,625,311,314,595,301,294,556,289,267,539,280,259,534,271,263,479,240,239,425,213,212,393,207,186,352,179,173,211,111,100,214,120,94,228,124,104,230,128,102,242,135,107,267,143,124,267,148,119,286,161,125,286,161,125,284,164,120,280,163,117,287,165,122,283,164,119,273,166,107,269,165,104,269,165,104,269,165,104,285,165,120,285,165,120,294,168,126,294,168,126,289,159,130,289,159,130,292,165,127,292,165,127,299,163,136,299,163,136,293,160,133,293,160,133,287,148,139,287,148,139,278,146,132,278,146,132
4,13381,三宅村,789,407,382,770,392,378,754,386,368,736,379,357,742,373,369,724,363,361,712,362,350,661,335,326,695,354,341,637,319,318,634,313,321,624,312,312,577,285,292,548,272,276,513,263,250,497,256,241,477,241,236,419,210,209,373,188,185,342,181,161,310,161,149,165,90,75,177,101,76,184,102,82,180,102,78,189,105,84,204,108,96,207,113,94,227,124,103,227,124,103,229,130,99,225,129,96,234,133,101,230,132,98,218,130,88,214,129,85,214,131,83,214,131,83,220,127,93,220,127,93,229,129,100,229,129,100,226,123,103,226,123,103,231,127,104,231,127,104,242,129,113,242,129,113,241,129,112,241,129,112,236,120,116,236,120,116,226,118,108,226,118,108
4,13382,御蔵島村,61,33,28,64,35,29,68,34,34,73,39,34,68,34,34,67,32,35,73,32,41,68,30,38,64,30,34,61,32,29,56,30,26,49,25,24,48,26,22,47,29,18,43,26,17,42,24,18,57,30,27,60,30,30,52,25,27,51,26,25,42,18,24,46,21,25,37,19,18,44,22,22,50,26,24,53,30,23,63,35,28,60,35,25,59,37,22,59,37,22,55,34,21,55,34,21,53,32,21,53,32,21,55,36,19,55,36,19,55,34,21,55,34,21,65,38,27,65,38,27,65,39,26,65,39,26,63,36,27,63,36,27,61,38,23,61,38,23,57,34,23,57,34,23,52,31,21,52,31,21,51,28,23,51,28,23,52,28,24,52,28,24
3,13400,八丈支庁,2216,1100,1116,2168,1086,1082,2084,1058,1026,1975,1017,958,1876,974,902,1797,940,857,1742,912,830,1701,882,819,1664,857,807,1675,852,823,1632,838,794,1611,820,791,1583,800,783,1526,781,745,1473,761,712,1467,758,709,1411,728,683,1357,694,663,1308,675,633,1273,664,609,1211,630,581,1159,610,549,1142,602,540,1091,585,506,1040,540,500,989,512,477,977,500,477,974,491,483,960,485,475,959,485,474,935,474,461,935,474,461,925,477,448,925,477,448,934,487,447,932,485,447,940,478,462,938,476,462,907,460,447,907,460,447,872,447,425,872,447,425,850,457,393,850,457,393,826,443,383,826,443,383,795,426,369,795,426,369,768,403,365,767,402,365,763,392,371,761,390,371,764,398,366,762,396,366
4,13401,八丈町,2168,1076,1092,2122,1062,1060,2045,1036,1009,1935,998,937,1839,954,885,1763,923,840,1704,892,812,1665,864,801,1623,832,791,1631,825,806,1590,812,778,1566,792,774,1534,772,762,1486,758,728,1440,743,697,1429,740,689,1369,707,662,1314,668,646,1270,651,619,1232,635,597,1174,604,570,1119,584,535,1102,575,527,1048,556,492,1006,521,485,960,494,466,944,481,463,941,476,465,931,470,461,930,470,460,909,462,447,909,462,447,902,468,434,902,468,434,911,476,435,909,474,435,921,471,450,919,469,450,885,453,432,885,453,432,856,442,414,856,442,414,828,447,381,828,447,381,806,431,375,806,431,375,778,417,361,778,417,361,750,394,356,749,393,356,747,388,359,745,386,359,748,392,356,746,390,356
4,13402,青ヶ島村,48,24,24,46,24,22,39,22,17,40,19,21,37,20,17,34,17,17,38,20,18,36,18,18,41,25,16,44,27,17,42,26,16,45,28,17,49,28,21,40,23,17,33,18,15,38,18,20,42,21,21,43,26,17,38,24,14,41,29,12,37,26,11,40,26,14,40,27,13,43,29,14,34,19,15,29,18,11,33,19,14,33,15,18,29,15,14,29,15,14,26,12,14,26,12,14,23,9,14,23,9,14,23,11,12,23,11,12,19,7,12,19,7,12,22,7,15,22,7,15,16,5,11,16,5,11,22,10,12,22,10,12,20,12,8,20,12,8,17,9,8,17,9,8,18,9,9,18,9,9,16,4,12,16,4,12,16,6,10,16,6,10
3,13420,小笠原支庁,429,225,204,446,228,218,432,218,214,443,232,211,443,224,219,431,220,211,442,219,223,458,242,216,450,242,208,452,239,213,428,219,209,436,221,215,418,218,200,397,203,194,399,209,190,398,202,196,385,199,186,372,194,178,399,207,192,386,199,187,379,198,181,390,213,177,407,231,176,421,236,185,423,225,198,441,232,209,441,240,201,465,252,213,464,247,217,464,247,217,455,244,211,455,244,211,441,236,205,441,236,205,442,239,203,442,239,203,430,240,190,430,240,190,450,252,198,450,252,198,443,247,196,443,247,196,440,243,197,440,243,197,415,231,184,415,231,184,398,218,180,398,218,180,390,203,187,390,203,187,398,205,193,398,205,193,354,193,161,354,193,161
4,13421,小笠原村,429,225,204,446,228,218,432,218,214,443,232,211,443,224,219,431,220,211,442,219,223,458,242,216,450,242,208,452,239,213,428,219,209,436,221,215,418,218,200,397,203,194,399,209,190,398,202,196,385,199,186,372,194,178,399,207,192,386,199,187,379,198,181,390,213,177,407,231,176,421,236,185,423,225,198,441,232,209,441,240,201,465,252,213,464,247,217,464,247,217,455,244,211,455,244,211,441,236,205,441,236,205,442,239,203,442,239,203,430,240,190,430,240,190,450,252,198,450,252,198,443,247,196,443,247,196,440,243,197,440,243,197,415,231,184,415,231,184,398,218,180,398,218,180,390,203,187,390,203,187,398,205,193,398,205,193,354,193,161,354,193,161
,,,,,,,,,,,,,,,,,,,,,,,,,,,,,,,,,,,,,,,,,,,,,,,,,,,,,,,,,,,,,,,,,,,,,,,,,,,,,,,,,,,,,,,,,,,,,,,,,,,,,,,,,,,,,,,,,,,,,,,,,,,,,,,,,,,,,,,,,,,,,,,,,,,,,,,,,,,,,,,,,,,,
住民基本台帳による東京都の世帯と人口　令和7年1月,,,,,,,,,,,,,,,,,,,,,,,,,,,,,,,,,,,,,,,,,,,,,,,,,,,,,,,,,,,,,,,,,,,,,,,,,,,,,,,,,,,,,,,,,,,,,,,,,,,,,,,,,,,,,,,,,,,,,,,,,,,,,,,,,,,,,,,,,,,,,,,,,,,,,,,,,,,,,,,,,,,,
第９表　区市町村別年齢３区分別人口及び構成比（昭和60年～令和7年）/各年１月１日現在/年少人口（0～14歳）,,,,,,,,,,,,,,,,,,,,,,,,,,,,,,,,,,,,,,,,,,,,,,,,,,,,,,,,,,,,,,,,,,,,,,,,,,,,,,,,,,,,,,,,,,,,,,,,,,,,,,,,,,,,,,,,,,,,,,,,,,,,,,,,,,,,,,,,,,,,,,,,,,,,,,,,,,,,,,,,,,,,
注１）本表には年齢不詳者を含まない。,,,,,,,,,,,,,,,,,,,,,,,,,,,,,,,,,,,,,,,,,,,,,,,,,,,,,,,,,,,,,,,,,,,,,,,,,,,,,,,,,,,,,,,,,,,,,,,,,,,,,,,,,,,,,,,,,,,,,,,,,,,,,,,,,,,,,,,,,,,,,,,,,,,,,,,,,,,,,,,,,,,,
注２）表章地域について、表章年次の期間中に市長村合併があった地域については、合併前の年次についても最新年次時点における地域（合併後）で集計を行っている。（例；あきる野市、西東京市）,,,,,,,,,,,,,,,,,,,,,,,,,,,,,,,,,,,,,,,,,,,,,,,,,,,,,,,,,,,,,,,,,,,,,,,,,,,,,,,,,,,,,,,,,,,,,,,,,,,,,,,,,,,,,,,,,,,,,,,,,,,,,,,,,,,,,,,,,,,,,,,,,,,,,,,,,,,,,,,,,,,,
注３）法改正により平成24年７月から外国人が住民基本台帳法の適用対象となったため、平成25年以降の人口総数は、日本人と外国人の合計数である。,,,,,,,,,,,,,,,,,,,,,,,,,,,,,,,,,,,,,,,,,,,,,,,,,,,,,,,,,,,,,,,,,,,,,,,,,,,,,,,,,,,,,,,,,,,,,,,,,,,,,,,,,,,,,,,,,,,,,,,,,,,,,,,,,,,,,,,,,,,,,,,,,,,,,,,,,,,,,,,,,,,,
地域階層（0:総数　1:区部・市部・町村部　2:郡部・島部　3:大島支庁・三宅支庁・八丈支庁・小笠原支庁　4:区市町村）,,,,,,,,,,,,,,,,,,,,,,,,,,,,,,,,,,,,,,,,,,,,,,,,,,,,,,,,,,,,,,,,,,,,,,,,,,,,,,,,,,,,,,,,,,,,,,,,,,,,,,,,,,,,,,,,,,,,,,,,,,,,,,,,,,,,,,,,,,,,,,,,,,,,,,,,,,,,,,,,,,,,
